Covariants	Count	Max_count	Freq	Coverage_start	Coverage_end
G24872T(S:V1104L)	255	284	0.897887323943662	24862	24873
C24990T(S:P1143L) C25000T(S:D1146D)	195	221	0.8823529411764706	24987	25006
C25000T(S:D1146D)	26	247	0.10526315789473684	24997	25076
G24872T(S:V1104L) C24990T(S:P1143L) C25000T(S:D1146D)	20	20	1.0	24870	25000
