Covariants	Count	Max_count	Freq	Coverage_start	Coverage_end
G23222A(S:E554K) C23271T(S:A570V)	5502	5633	0.9767441860465116	23221	23271
G23948T(S:D796Y)	4417	4486	0.9846188140882747	23947	23949
G23222A(S:E554K)	4264	9974	0.4275115299779427	23211	23222
G23384A(S:V608I) A23403G(S:D614G) C23423T(S:P621S)	3327	3388	0.981995277449823	23367	23423
C23854A(S:N764K)	3322	3379	0.9831311038768866	23815	23854
T23599G(S:N679K) C23604G(S:P681R)	1452	1510	0.9615894039735099	23598	23673
C23271T(S:A570V) G23384A(S:V608I) A23403G(S:D614G)	1265	1334	0.9482758620689655	23270	23403
C23271T(S:A570V)	823	8284	0.09934814099468856	23270	23274
C23271T(S:A570V) G23384A(S:V608I)	473	1807	0.26175982291090205	23270	23385
G23384A(S:V608I) A23403G(S:D614G)	382	5062	0.07546424338206242	23338	23403
C25207T(S:Y1215Y)	251	320	0.784375	25205	25208
C24378T(S:S939F) A24424T(S:Q954H)	127	219	0.5799086757990868	24347	24424
C24990T(S:P1143L) C25000T(S:D1146D)	109	111	0.9819819819819819	24987	25006
C24378T(S:S939F) A24424T(S:Q954H) T24469A(S:N969K)	88	91	0.967032967032967	24377	24470
A24424T(S:Q954H) T24469A(S:N969K)	86	176	0.48863636363636365	24422	24501
G23384A(S:V608I)	69	5600	0.012321428571428572	23319	23386
C24378T(S:S939F)	61	280	0.21785714285714286	24295	24378
C25207T(S:Y1215Y) G25278T(S:S1239I)	56	140	0.4	25205	25289
(25408,1)(ORF3a:DEL7)	49	86	0.5697674418604651	25333	25418
G25278T(S:S1239I)	48	266	0.18045112781954886	25276	25344
C23604G(S:P681R)	27	1534	0.017601043024771838	23602	23685
C25000T(S:D1146D)	18	128	0.140625	24997	25076
G23222A(S:E554K) G23262T(S:R567I) C23271T(S:A570V)	18	5633	0.003195455352387715	23216	23275
T23599G(S:N679K) C23604G(S:P681R) C23657A(S:L699I)	13	1510	0.008609271523178808	23593	23691
T24469A(S:N969K)	11	187	0.058823529411764705	24444	24510
