Covariants	Count	Max_count	Freq	Coverage_start	Coverage_end
(21608,'TCATGCCGCTGT')(S:INS17SCRC) C21618T(S:T19I) C21622T(S:T20T) G21624C(S:R21T) (21632,9)(S:DEL25/27) (21651,3)(S:DEL31)	3387	3472	0.9755184331797235	21608	21674
C24378T(S:S939F) A24424T(S:Q954H)	144	267	0.5393258426966292	24356	24424
A24424T(S:Q954H) T24469A(S:N969K)	114	222	0.5135135135135135	24422	24503
C24378T(S:S939F)	111	379	0.2928759894459103	24339	24378
C24378T(S:S939F) A24424T(S:Q954H) T24469A(S:N969K)	105	118	0.8898305084745762	24377	24470
C21618T(S:T19I) C21622T(S:T20T) G21624C(S:R21T) (21632,9)(S:DEL25/27) (21651,3)(S:DEL31)	95	3541	0.02682857949731714	21611	21674
T21610C(S:V16V)	39	3512	0.011104783599088838	21507	21610
(21651,3)(S:DEL31) C21711T(S:S50L)	14	16	0.875	21641	21727
(21764,6)(S:DEL69/70)	11	22	0.5	21754	21867
