Covariants	Count	Max_count	Freq	Coverage_start	Coverage_end
C23854A(S:N764K)	3210	3256	0.9858722358722358	23825	23854
T23599G(S:N679K) C23604G(S:P681R)	1383	1425	0.9705263157894737	23598	23673
(24374,'T')(S:INS939) C24378T(S:S939F) C24381T(S:S940F) A24424T(S:Q954H)	390	671	0.5812220566318927	24368	24424
A24424T(S:Q954H) T24469A(S:N969K)	363	671	0.5409836065573771	24422	24470
(24374,'T')(S:INS939) C24378T(S:S939F) C24381T(S:S940F) A24424T(S:Q954H) T24469A(S:N969K)	270	276	0.9782608695652174	24368	24470
(24374,'T')(S:INS939) C24378T(S:S939F) C24381T(S:S940F)	176	853	0.2063305978898007	24304	24384
C24381T(S:S940F) A24424T(S:Q954H) T24469A(S:N969K)	27	359	0.07520891364902507	24379	24529
T23599G(S:N679K) C23604G(S:P681R) C23657A(S:L699I)	18	1425	0.01263157894736842	23596	23684
T24469A(S:N969K)	16	687	0.023289665211062592	24434	24511
