Covariants	Count	Max_count	Freq	Coverage_start	Coverage_end
C21575T(S:L5F)	4028	6082	0.6622821440315686	21529	21575
C21575T(S:L5F) (21608,'TCATGCCGCTGT')(S:INS17SCRC) C21618T(S:T19I) C21622T(S:T20T) G21624C(S:R21T) (21632,9)(S:DEL25/27) (21651,3)(S:DEL31)	1855	1933	0.9596482152095189	21570	21674
C24378T(S:S939F) A24424T(S:Q954H)	264	424	0.6226415094339622	24361	24424
A24424T(S:Q954H) T24469A(S:N969K)	165	314	0.5254777070063694	24422	24487
C24378T(S:S939F)	150	578	0.25951557093425603	24339	24378
C24378T(S:S939F) A24424T(S:Q954H) T24469A(S:N969K)	147	157	0.9363057324840764	24377	24469
C21618T(S:T19I) C21622T(S:T20T) G21624C(S:R21T) (21632,9)(S:DEL25/27) (21651,3)(S:DEL31)	53	1987	0.026673376950176145	21611	21674
C21575T(S:L5F) C21618T(S:T19I) C21622T(S:T20T) G21624C(S:R21T) (21632,9)(S:DEL25/27) (21651,3)(S:DEL31)	21	1933	0.010863942058975685	21563	21676
(21569,'T')(S:INS4) C21575T(S:L5F)	19	6080	0.003125	21517	21585
C21575T(S:L5F) T21610C(S:V16V)	19	1954	0.009723643807574206	21504	21610
T24469A(S:N969K)	14	328	0.042682926829268296	24434	24512
(21574,1)(S:DEL5)	10	6082	0.001644195988161789	21512	21589
