Covariants	Count	Max_count	Freq	Coverage_start	Coverage_end
G23948T(S:D796Y)	9556	9846	0.9705464147877311	23947	23948
G24872T(S:V1104L)	2647	3279	0.8072583104605062	24869	24873
C24990T(S:P1143L) C25000T(S:D1146D) C25006T(S:F1148F)	2558	3140	0.8146496815286625	24989	25006
C24378T(S:S939F) A24424T(S:Q954H)	2520	4569	0.551543007222587	24375	24424
T24469A(S:N969K)	2435	6377	0.3818409910616277	24451	24488
A24424T(S:Q954H) T24469A(S:N969K)	1990	3896	0.5107802874743327	24422	24470
C24378T(S:S939F) A24424T(S:Q954H) T24469A(S:N969K)	1766	1972	0.8955375253549696	24377	24469
C24378T(S:S939F)	1503	6095	0.24659557013945857	24361	24378
G24872T(S:V1104L) C24990T(S:P1143L) C25000T(S:D1146D) C25006T(S:F1148F)	433	460	0.941304347826087	24871	25006
C25000T(S:D1146D) C25006T(S:F1148F)	235	3351	0.07012831990450612	24997	25033
A23403G(S:D614G) C23423T(S:P621S)	170	222	0.7657657657657657	23400	23423
G24872T(S:V1104L) C24990T(S:P1143L) C25000T(S:D1146D)	62	520	0.11923076923076924	24869	25000
G24872T(S:V1104L) C24990T(S:P1143L)	59	579	0.10189982728842832	24866	24990
A24424T(S:Q954H)	58	6493	0.008932696750346527	24422	24424
C25006T(S:F1148F)	51	3406	0.014973576042278332	25005	25083
C23271T(S:A570V)	50	92	0.5434782608695652	23262	23350
A23403G(S:D614G) C23423T(S:P621S) C23525T(S:H655Y)	46	47	0.9787234042553191	23402	23525
C23525T(S:H655Y)	44	175	0.25142857142857145	23478	23553
C24990T(S:P1143L) C25000T(S:D1146D)	41	3206	0.012788521522145976	24985	25000
C23271T(S:A570V) A23403G(S:D614G)	40	42	0.9523809523809523	23270	23403
C23423T(S:P621S) C23525T(S:H655Y)	32	87	0.367816091954023	23420	23530
C23525T(S:H655Y) T23599G(S:N679K) C23604G(S:P681R)	27	30	0.9	23521	23605
A23403G(S:D614G)	24	285	0.08421052631578947	23319	23403
C23525T(S:H655Y) T23599G(S:N679K)	19	49	0.3877551020408163	23521	23599
G24087T(S:G842V)	14	10231	0.0013683901866875182	24086	24104
C24378T(S:S939F) T24469A(S:N969K)	14	1972	0.007099391480730223	24365	24470
C24990T(S:P1143L) C25006T(S:F1148F)	12	3140	0.003821656050955414	24975	25041
G24173A(S:A871T)	11	6633	0.001658374792703151	24118	24181
C24768A(S:P1069H)	11	3083	0.0035679532922478106	24681	24773
