Covariants	Count	Max_count	Freq	Coverage_start	Coverage_end
G23948T(S:D796Y)	1933	2011	0.9612133267031328	23947	23950
C24990T(S:P1143L) C25000T(S:D1146D)	963	1071	0.8991596638655462	24988	25000
C24378T(S:S939F) A24424T(S:Q954H)	605	1159	0.5220017256255393	24373	24424
C24378T(S:S939F) A24424T(S:Q954H) T24469A(S:N969K)	480	529	0.9073724007561437	24377	24470
A24424T(S:Q954H) T24469A(S:N969K)	463	979	0.4729315628192033	24422	24477
C24378T(S:S939F)	462	1619	0.28536133415688697	24339	24378
G24872T(S:V1104L)	400	1049	0.3813155386081983	24866	24876
G23222A(S:E554K) C23271T(S:A570V)	188	195	0.9641025641025641	23219	23271
G23222A(S:E554K)	109	311	0.3504823151125402	23154	23225
T24469A(S:N969K)	76	1053	0.0721747388414055	24446	24486
C25000T(S:D1146D)	72	1137	0.0633245382585752	24997	25010
G24872T(S:V1104L) C24990T(S:P1143L) C25000T(S:D1146D)	72	176	0.4090909090909091	24870	25000
C23039G(S:Q493E) A23055G(S:Q498R) A23063T(S:N501Y) T23075C(S:Y505H)	57	105	0.5428571428571428	23038	23115
A23063T(S:N501Y) T23075C(S:Y505H)	43	174	0.2471264367816092	23062	23157
G22992A(S:S477N) C22995A(S:T478K) T23005A(S:N481K) (23007,3)(S:DEL483) G23012A(S:E484K) T23018C(S:F486P) T23019C(S:F486P) C23039G(S:Q493E) A23055G(S:Q498R) A23063T(S:N501Y) T23075C(S:Y505H)	43	45	0.9555555555555556	22978	23088
A23055G(S:Q498R) A23063T(S:N501Y) T23075C(S:Y505H)	22	127	0.1732283464566929	23053	23190
C24990T(S:P1143L)	21	1099	0.01910828025477707	24974	24992
T23075C(S:Y505H)	16	193	0.08290155440414508	23072	23159
G24872T(S:V1104L) C24990T(S:P1143L)	14	204	0.06862745098039216	24866	24992
A24424T(S:Q954H)	10	1611	0.006207324643078833	24420	24456
