Covariants	Count	Max_count	Freq	Coverage_start	Coverage_end
A22538G(S:I326V) G22577T(S:G339Y) G22578A(S:G339Y) G22604C(S:A348P)	190	231	0.8225108225108225	22537	22614
G22770A(S:R403K) G22775A(S:D405N) A22786T(S:R408S) G22813T(S:K417N)	100	141	0.7092198581560284	22736	22815
G22577T(S:G339Y) G22578A(S:G339Y) G22604C(S:A348P) C22674T(S:S371F) T22679C(S:S373P) C22686T(S:S375F)	90	104	0.8653846153846154	22571	22687
G22604C(S:A348P) C22674T(S:S371F) T22679C(S:S373P) C22686T(S:S375F)	89	195	0.4564102564102564	22601	22704
C22674T(S:S371F) T22679C(S:S373P) C22686T(S:S375F) G22770A(S:R403K) G22775A(S:D405N) A22786T(S:R408S)	57	81	0.7037037037037037	22660	22787
C22674T(S:S371F) T22679C(S:S373P) C22686T(S:S375F)	50	366	0.1366120218579235	22665	22706
C24768A(S:P1069H)	45	5622	0.0080042689434365	24723	24769
C22674T(S:S371F) T22679C(S:S373P) C22686T(S:S375F) G22770A(S:R403K) G22775A(S:D405N)	32	114	0.2807017543859649	22665	22776
C22674T(S:S371F) T22679C(S:S373P) C22686T(S:S375F) G22770A(S:R403K) G22775A(S:D405N) A22786T(S:R408S) G22813T(S:K417N)	22	22	1.0	22670	22813
A22538G(S:I326V) G22577T(S:G339Y) G22578A(S:G339Y) G22604C(S:A348P) C22674T(S:S371F)	18	34	0.5294117647058824	22537	22674
G22577T(S:G339Y) G22578A(S:G339Y) G22604C(S:A348P)	17	339	0.05014749262536873	22563	22640
