Covariants	Count	Max_count	Freq	Coverage_start	Coverage_end
C22295A(S:H245N) C22353A(S:A264D)	6214	6643	0.9354207436399217	22294	22354
(22193,3)(S:DEL212) T22200G(S:V213G) C22208T(S:L216F) C22295A(S:H245N)	2930	3063	0.9565785177930134	22193	22295
(22193,3)(S:DEL212) T22200G(S:V213G) C22208T(S:L216F)	2709	5852	0.46291866028708134	22193	22212
C22353A(S:A264D)	2599	9251	0.2809426007999135	22352	22359
C22208T(S:L216F) C22295A(S:H245N)	767	4142	0.18517624336069533	22207	22297
T24469A(S:N969K)	410	424	0.9669811320754716	24437	24517
C22208T(S:L216F) C22295A(S:H245N) C22353A(S:A264D)	156	216	0.7222222222222222	22206	22353
C22295A(S:H245N)	143	10682	0.013387006178618236	22294	22295
T22200G(S:V213G) C22208T(S:L216F) C22295A(S:H245N)	76	3835	0.019817470664928293	22199	22297
A22194T	54	5920	0.009121621621621622	22113	22194
(22191,3)(S:DEL211) T22200G(S:V213G) C22208T(S:L216F)	28	3270	0.00856269113149847	22191	22212
(22193,3)(S:DEL212) C22208T(S:L216F) C22295A(S:H245N)	27	3063	0.00881488736532811	22193	22297
(22193,3)(S:DEL212) C22208T(S:L216F)	19	5852	0.003246753246753247	22149	22212
(22193,3)(S:DEL212) T22200G(S:V213G)	19	5861	0.0032417676164477054	22193	22201
(22193,3)(S:DEL212) T22200G(S:V213G) C22295A(S:H245N)	17	3063	0.00555011426705844	22193	22297
T22196A(S:L212I) T22200G(S:V213G) C22208T(S:L216F) C22295A(S:H245N)	16	3090	0.005177993527508091	22194	22340
C22208T(S:L216F)	14	6944	0.0020161290322580645	22205	22281
