Covariants	Count	Max_count	Freq	Coverage_start	Coverage_end
G23948T(S:D796Y)	284	485	0.5855670103092784	23945	23948
G21941T(S:V127F) G21987A(S:G142D) (21990,3)(S:DEL144) T22032C(S:F157S) C22033A(S:F157S) A22034G(S:R158G)	222	244	0.9098360655737705	21937	22043
G23948T(S:D796Y) G24004A(S:K814K)	173	256	0.67578125	23946	24006
G21941T(S:V127F) G21987A(S:G142D) (21990,3)(S:DEL144)	126	378	0.3333333333333333	21931	22003
G24004A(S:K814K)	109	408	0.26715686274509803	24001	24066
(22193,3)(S:DEL212) T22200G(S:V213G) C22208T(S:L216F)	105	173	0.6069364161849711	22193	22212
C22295A(S:H245N) C22353A(S:A264D)	94	101	0.9306930693069307	22294	22357
G21987A(S:G142D) (21990,3)(S:DEL144) T22032C(S:F157S) C22033A(S:F157S) A22034G(S:R158G)	74	318	0.23270440251572327	21979	22045
(22193,3)(S:DEL212) T22200G(S:V213G) C22208T(S:L216F) C22295A(S:H245N)	56	60	0.9333333333333333	22193	22317
(22030,1)(S:DEL157) (22034,'G')(S:INS159)	50	390	0.1282051282051282	22023	22135
C22353A(S:A264D)	40	144	0.2777777777777778	22341	22406
A22194T	32	211	0.15165876777251186	22043	22194
T22032C(S:F157S) C22033A(S:F157S) A22034G(S:R158G)	19	407	0.04668304668304668	22003	22083
(22034,'G')(S:INS159)	15	428	0.035046728971962614	22031	22181
C22208T(S:L216F) C22295A(S:H245N)	15	79	0.189873417721519	22200	22340
C25207T(S:Y1215Y)	14	14	1.0	25199	25211
