Covariants	Count	Max_count	Freq	Coverage_start	Coverage_end
C25207T(S:Y1215Y)	1513	1557	0.9717405266538215	25206	25207
A24424T(S:Q954H) T24469A(S:N969K)	569	998	0.5701402805611222	24420	24482
C24378T(S:S939F) A24424T(S:Q954H)	545	1004	0.5428286852589641	24364	24424
C24378T(S:S939F) A24424T(S:Q954H) T24469A(S:N969K)	403	448	0.8995535714285714	24377	24469
C24378T(S:S939F)	344	1355	0.25387453874538746	24347	24378
C24981T(S:P1140L) C24990T(S:P1143L) C25000T(S:D1146D)	207	293	0.7064846416382252	24979	25000
C21711T(S:S50L) (21764,6)(S:DEL69/70)	140	203	0.6896551724137931	21710	21780
(21651,3)(S:DEL31) C21711T(S:S50L)	104	186	0.5591397849462365	21641	21726
G23222A(S:E554K) C23271T(S:A570V)	96	100	0.96	23217	23273
(21608,'TCATGCCGCTGT')(S:INS17SCRC) C21618T(S:T19I) C21622T(S:T20T) G21624C(S:R21T) (21632,9)(S:DEL25/27) (21651,3)(S:DEL31)	92	110	0.8363636363636363	21570	21674
(21764,6)(S:DEL69/70)	83	289	0.28719723183391005	21755	21812
A23055G(S:Q498R) A23063T(S:N501Y) T23075C(S:Y505H)	55	78	0.7051282051282052	23048	23099
(21651,3)(S:DEL31) C21711T(S:S50L) (21764,6)(S:DEL69/70)	55	57	0.9649122807017544	21645	21779
C24990T(S:P1143L) C25000T(S:D1146D) (25054,1)(S:DEL1165)	51	204	0.25	24986	25058
G23222A(S:E554K)	37	138	0.26811594202898553	23123	23225
T24469A(S:N969K)	36	1032	0.03488372093023256	24438	24528
C24990T(S:P1143L) C25000T(S:D1146D)	24	297	0.08080808080808081	24987	25001
C21618T(S:T19I) C21622T(S:T20T) G21624C(S:R21T) (21632,9)(S:DEL25/27) (21651,3)(S:DEL31) C21711T(S:S50L)	20	21	0.9523809523809523	21611	21727
C25000T(S:D1146D)	19	324	0.05864197530864197	24997	25054
A23063T(S:N501Y) T23075C(S:Y505H)	19	97	0.1958762886597938	23062	23209
G22992A(S:S477N) C22995A(S:T478K) T23005A(S:N481K) (23007,3)(S:DEL483) G23012A(S:E484K) T23018C(S:F486P) T23019C(S:F486P) A23055G(S:Q498R) A23063T(S:N501Y) T23075C(S:Y505H)	18	20	0.9	22978	23076
C21618T(S:T19I) C21622T(S:T20T) G21624C(S:R21T) (21632,9)(S:DEL25/27) (21651,3)(S:DEL31)	12	137	0.08759124087591241	21611	21678
G21770A(S:V70I)	12	358	0.0335195530726257	21769	21920
A24424T(S:Q954H)	11	1554	0.007078507078507079	24410	24442
C24981T(S:P1140L)	10	313	0.03194888178913738	24895	24981
