Covariants	Count	Max_count	Freq	Coverage_start	Coverage_end
A23403G(S:D614G) C23423T(S:P621S)	1184	1529	0.7743623283191629	23401	23423
C23525T(S:H655Y)	320	1120	0.2857142857142857	23507	23525
C23271T(S:A570V)	292	481	0.6070686070686071	23269	23350
A23403G(S:D614G) C23423T(S:P621S) C23525T(S:H655Y)	287	318	0.9025157232704403	23402	23525
C23423T(S:P621S) C23525T(S:H655Y)	231	574	0.4024390243902439	23421	23525
C23271T(S:A570V) A23403G(S:D614G)	155	180	0.8611111111111112	23270	23403
C23525T(S:H655Y) T23599G(S:N679K) C23604G(S:P681R)	140	147	0.9523809523809523	23524	23605
C23525T(S:H655Y) T23599G(S:N679K)	103	254	0.40551181102362205	23518	23599
A23403G(S:D614G)	92	1778	0.05174353205849269	23400	23403
C23423T(S:P621S)	23	1797	0.012799109627156371	23421	23423
