Covariants	Count	Max_count	Freq	Coverage_start	Coverage_end
C23854A(S:N764K)	3928	4097	0.9587503051012937	23821	23854
T23599G(S:N679K) C23604G(S:P681R)	1635	1788	0.9144295302013423	23598	23673
C24378T(S:S939F) A24424T(S:Q954H)	633	1290	0.4906976744186046	24373	24424
C24378T(S:S939F) A24424T(S:Q954H) T24469A(S:N969K)	547	628	0.8710191082802548	24377	24469
A24424T(S:Q954H) T24469A(S:N969K)	489	1072	0.45615671641791045	24422	24470
C24378T(S:S939F)	399	1709	0.2334698654183733	24339	24378
(21651,3)(S:DEL31) C21711T(S:S50L)	149	219	0.680365296803653	21645	21726
C21711T(S:S50L) (21764,6)(S:DEL69/70)	112	181	0.6187845303867403	21710	21780
(21764,6)(S:DEL69/70)	93	279	0.3333333333333333	21754	21817
(21651,3)(S:DEL31) C21711T(S:S50L) (21764,6)(S:DEL69/70)	62	64	0.96875	21645	21780
T23599G(S:N679K) C23604G(S:P681R) C23657A(S:L699I)	53	1788	0.0296420581655481	23597	23678
C23604G(S:P681R)	25	1819	0.013743815283122594	23603	23694
T24469A(S:N969K)	23	1096	0.020985401459854013	24434	24517
T23807C(S:C749R) C23854A(S:N764K)	14	4062	0.0034465780403741997	23703	23854
C23657A(S:L699I)	13	4748	0.002737994945240101	23650	23700
T23599G(S:N679K) C23604G(S:P681R) T23640G(S:I693S)	11	1788	0.006152125279642058	23593	23700
G23835C(S:S758T) C23854A(S:N764K)	10	4097	0.00244081034903588	23735	23882
