Covariants	Count	Max_count	Freq	Coverage_start	Coverage_end
G23222A(S:E554K)	4923	9508	0.5177745056794278	23221	23222
G23222A(S:E554K) C23271T(S:A570V)	4261	5101	0.8353264065869437	23221	23271
A23403G(S:D614G) C23423T(S:P621S)	3155	3356	0.9401072705601907	23367	23423
A23403G(S:D614G)	1055	5045	0.2091179385530228	23363	23403
C23271T(S:A570V)	957	7677	0.12465806955842126	23270	23274
C23271T(S:A570V) A23403G(S:D614G)	666	1233	0.5401459854014599	23270	23403
C25207T(S:Y1215Y)	114	142	0.8028169014084507	25205	25210
C23423T(S:P621S)	23	3356	0.0068533969010727055	23351	23430
