Covariants	Count	Max_count	Freq	Coverage_start	Coverage_end
(21608,'TCATGCCGCTGT')(S:INS17SCRC) C21618T(S:T19I) C21622T(S:T20T) G21624C(S:R21T) (21632,9)(S:DEL25/27)	613	686	0.8935860058309038	21563	21662
C21618T(S:T19I) C21622T(S:T20T) G21624C(S:R21T) (21632,9)(S:DEL25/27)	44	686	0.0641399416909621	21588	21665
T21610C(S:V16V)	17	703	0.02418207681365576	21512	21610
