Covariants	Count	Max_count	Freq	Coverage_start	Coverage_end
C25207T(S:Y1215Y)	6173	6374	0.9684656416692815	25206	25207
(22193,6)(S:DEL212/213) (22200,'G')(S:INS214) C22208T(S:L216F)	64	67	0.9552238805970149	22148	22211
G21941T(S:V127F) G21987A(S:G142D) (21990,3)(S:DEL144) T22032C(S:F157S) C22033A(S:F157S) A22034G(S:R158G)	51	57	0.8947368421052632	21937	22044
C25207T(S:Y1215Y) T25211C(S:W1217R)	42	6268	0.006700701978302489	25204	25214
G21987A(S:G142D) (21990,3)(S:DEL144) T22032C(S:F157S) C22033A(S:F157S) A22034G(S:R158G)	30	83	0.3614457831325301	21980	22042
G21941T(S:V127F) G21987A(S:G142D) (21990,3)(S:DEL144)	25	83	0.30120481927710846	21929	22026
(22030,1)(S:DEL157) (22034,'G')(S:INS159)	15	101	0.1485148514851485	22021	22111
G25250T(S:V1230L)	12	5717	0.002099002973587546	25248	25350
