Covariants	Count	Max_count	Freq	Coverage_start	Coverage_end
G24620T(S:A1020S)	399	577	0.6915077989601387	24618	24623
G23948T(S:D796Y)	26	26	1.0	23932	23990
C22295A(S:H245N) C22353A(S:A264D)	25	25	1.0	22294	22383
C25207T(S:Y1215Y)	19	20	0.95	25177	25214
(22193,3)(S:DEL212) T22200G(S:V213G) C22208T(S:L216F) C22295A(S:H245N)	18	33	0.5454545454545454	22193	22297
(22193,3)(S:DEL212) T22200G(S:V213G) C22208T(S:L216F) (22218,'T')(S:INS220) C22295A(S:H245N)	14	33	0.42424242424242425	22193	22304
C22353A(S:A264D)	10	35	0.2857142857142857	22346	22432
