Covariants	Count	Max_count	Freq	Coverage_start	Coverage_end
C22295A(S:H245N) C22353A(S:A264D)	1389	1587	0.8752362948960303	22294	22357
(22439,1)(S:DEL294)	697	1279	0.5449569976544175	22433	22449
(22193,3)(S:DEL212) T22200G(S:V213G) C22208T(S:L216F) C22295A(S:H245N)	675	699	0.9656652360515021	22193	22297
C22353A(S:A264D) (22439,1)(S:DEL294)	464	593	0.7824620573355818	22352	22445
C22208T(S:L216F) C22295A(S:H245N)	192	985	0.1949238578680203	22205	22297
C22353A(S:A264D)	87	2159	0.04029643353404354	22351	22383
C22295A(S:H245N) C22353A(S:A264D) (22439,1)(S:DEL294)	79	96	0.8229166666666666	22294	22444
C22208T(S:L216F) C22295A(S:H245N) C22353A(S:A264D)	75	80	0.9375	22207	22353
C22295A(S:H245N)	50	2540	0.01968503937007874	22288	22302
(22193,3)(S:DEL212) T22200G(S:V213G) C22208T(S:L216F)	34	729	0.04663923182441701	22193	22274
T22200G(S:V213G) C22208T(S:L216F) C22295A(S:H245N)	10	889	0.01124859392575928	22199	22346
