Covariants	Count	Max_count	Freq	Coverage_start	Coverage_end
G23402T(S:D614C) A23403G(S:D614C) C23423T(S:P621S)	159	203	0.7832512315270936	23392	23423
C24990T(S:P1143L) C25000T(S:D1146D)	151	166	0.9096385542168675	24989	25021
A24819G(S:K1086R) G24872T(S:V1104L)	89	92	0.967391304347826	24818	24902
C25207T(S:Y1215Y)	46	46	1.0	25203	25212
C23525T(S:H655Y)	43	124	0.3467741935483871	23497	23557
G23402T(S:D614C) A23403G(S:D614C) C23423T(S:P621S) C23525T(S:H655Y)	37	38	0.9736842105263158	23395	23525
C23271T(S:A570V) G23402T(S:D614C) A23403G(S:D614C)	29	29	1.0	23270	23408
G24872T(S:V1104L)	28	133	0.21052631578947367	24856	24944
C23423T(S:P621S) C23525T(S:H655Y)	28	75	0.37333333333333335	23420	23543
C25000T(S:D1146D)	19	185	0.10270270270270271	24997	25116
C23271T(S:A570V)	17	60	0.2833333333333333	23262	23351
G24872T(S:V1104L) C24990T(S:P1143L) C25000T(S:D1146D)	13	13	1.0	24870	25006
C23271T(S:A570V) G23402T	11	40	0.275	23262	23402
