Covariants	Count	Max_count	Freq	Coverage_start	Coverage_end
C24378T(S:S939F) A24424T(S:Q954H)	765	1383	0.5531453362255966	24373	24424
C24378T(S:S939F) A24424T(S:Q954H) T24469A(S:N969K)	526	592	0.8885135135135135	24377	24469
C24378T(S:S939F)	453	1846	0.24539544962080173	24339	24378
A24424T(S:Q954H) T24469A(S:N969K)	424	989	0.4287158746208291	24422	24471
C22295A(S:H245N) C22353A(S:A264D)	171	196	0.8724489795918368	22294	22359
(22193,3)(S:DEL212) T22200G(S:V213G) C22208T(S:L216F) C22295A(S:H245N)	83	89	0.9325842696629213	22193	22297
C25207T(S:Y1215Y)	54	60	0.9	25202	25211
C22353A(S:A264D)	52	247	0.21052631578947367	22351	22383
T24469A(S:N969K)	39	1026	0.038011695906432746	24449	24510
C22208T(S:L216F) C22295A(S:H245N)	27	132	0.20454545454545456	22201	22302
C21711T(S:S50L) (21764,6)(S:DEL69/70)	24	31	0.7741935483870968	21710	21786
(21651,3)(S:DEL31) C21711T(S:S50L)	11	17	0.6470588235294118	21641	21741
