Covariants	Count	Max_count	Freq	Coverage_start	Coverage_end
G23222A(S:E554K) C23271T(S:A570V)	18384	19040	0.965546218487395	23221	23271
G23222A(S:E554K)	11143	30400	0.36654605263157897	23221	23222
A23403G(S:D614G) C23423T(S:P621S)	9123	9326	0.9782328972764315	23368	23423
C23271T(S:A570V)	3945	26803	0.14718501660261912	23270	23272
C23271T(S:A570V) A23403G(S:D614G)	3516	3748	0.9381003201707577	23270	23403
A23403G(S:D614G)	1339	14255	0.09393195370045598	23351	23403
G23222A(S:E554K) G23262T(S:R567I) C23271T(S:A570V)	184	19040	0.009663865546218488	23221	23271
C23423T(S:P621S)	27	9326	0.0028951318893416255	23368	23425
T23143C(S:P527P) G23222A(S:E554K)	23	16503	0.0013936859964854874	23120	23225
G23262T(S:R567I) C23271T(S:A570V)	14	24969	0.000560695262125035	23257	23321
G23222A(S:E554K) G23262T(S:R567I)	10	19876	0.000503119339907426	23177	23270
