Covariants	Count	Max_count	Freq	Coverage_start	Coverage_end
C25207T(S:Y1215Y)	2021	2099	0.9628394473558838	25206	25207
A23403G(S:D614G) C23423T(S:P621S)	637	813	0.7835178351783518	23401	23423
T24469A(S:N969K)	406	538	0.7546468401486989	24437	24513
C23525T(S:H655Y)	177	634	0.27917981072555204	23507	23525
A21706T(S:L48F) C21711T(S:S50L) (21764,6)(S:DEL69/70)	174	253	0.6877470355731226	21704	21782
(21651,3)(S:DEL31) A21706T(S:L48F) C21711T(S:S50L)	147	241	0.6099585062240664	21641	21727
A23403G(S:D614G) C23423T(S:P621S) C23525T(S:H655Y)	145	162	0.8950617283950617	23402	23525
C23271T(S:A570V)	140	286	0.48951048951048953	23268	23342
(21764,6)(S:DEL69/70)	130	408	0.31862745098039214	21754	21807
C23525T(S:H655Y) T23599G(S:N679K) C23604G(S:P681R)	116	120	0.9666666666666667	23521	23605
C23423T(S:P621S) C23525T(S:H655Y)	109	288	0.3784722222222222	23421	23543
C23271T(S:A570V) A23403G(S:D614G)	99	111	0.8918918918918919	23270	23403
(21608,'TCATGCCGCTGT')(S:INS17SCRC) C21618T(S:T19I) C21622T(S:T20T) G21624C(S:R21T) (21632,9)(S:DEL25/27) (21651,3)(S:DEL31)	97	108	0.8981481481481481	21572	21658
C24378T(S:S939F) A24424T(S:Q954H)	89	147	0.6054421768707483	24347	24424
A24424T(S:Q954H) T24469A(S:N969K)	74	126	0.5873015873015873	24420	24510
(21651,3)(S:DEL31) A21706T(S:L48F) C21711T(S:S50L) (21764,6)(S:DEL69/70)	73	75	0.9733333333333334	21645	21780
C23525T(S:H655Y) T23599G(S:N679K)	64	185	0.34594594594594597	23521	23599
G23948T(S:D796Y)	54	59	0.9152542372881356	23938	23971
C24378T(S:S939F) A24424T(S:Q954H) T24469A(S:N969K)	47	55	0.8545454545454545	24377	24469
A23403G(S:D614G)	46	959	0.047966631908237745	23334	23403
A23796G(S:D745G) C23854A(S:N764K)	39	39	1.0	23795	23854
C24378T(S:S939F)	38	186	0.20430107526881722	24305	24378
G23222A(S:E554K) C23271T(S:A570V)	34	36	0.9444444444444444	23210	23273
A23055G(S:Q498R) A23063T(S:N501Y) T23075C(S:Y505H)	24	30	0.8	23048	23115
C21711T(S:S50L) (21764,6)(S:DEL69/70)	20	276	0.07246376811594203	21710	21865
G23222A(S:E554K)	18	55	0.32727272727272727	23113	23222
C21618T(S:T19I) C21622T(S:T20T) G21624C(S:R21T) (21632,9)(S:DEL25/27) (21651,3)(S:DEL31) A21706T(S:L48F) C21711T(S:S50L)	18	18	1.0	21611	21727
C23423T(S:P621S)	16	952	0.01680672268907563	23421	23423
T23599G(S:N679K) C23604G(S:P681R)	13	133	0.09774436090225563	23597	23605
G21770A(S:V70I)	12	482	0.024896265560165973	21769	21910
C21618T(S:T19I) C21622T(S:T20T) G21624C(S:R21T) (21632,9)(S:DEL25/27) (21651,3)(S:DEL31)	10	130	0.07692307692307693	21611	21690
