Covariants	Count	Max_count	Freq	Coverage_start	Coverage_end
C25207T(S:Y1215Y)	3560	3647	0.9761447765286537	25206	25207
G23948T(S:D796Y)	1295	1349	0.9599703484062269	23947	23950
T24469A(S:N969K)	480	766	0.6266318537859008	24437	24517
G24872T(S:V1104L)	436	531	0.8210922787193974	24869	24873
C24990T(S:P1143L) C25000T(S:D1146D)	433	528	0.8200757575757576	24987	25000
C21711T(S:S50L) (21764,6)(S:DEL69/70)	197	290	0.6793103448275862	21710	21780
(24213,2)(S:DEL885)	175	453	0.38631346578366443	24209	24242
(21651,3)(S:DEL31) C21711T(S:S50L)	167	276	0.605072463768116	21641	21732
A24424T(S:Q954H) T24469A(S:N969K) G24474C(S:G971A)	152	249	0.6104417670682731	24422	24496
(24377,1)(S:DEL940) A24424T(S:Q954H)	146	252	0.5793650793650794	24318	24424
(21764,6)(S:DEL69/70)	112	406	0.27586206896551724	21754	21817
(21608,'TCATGCCGCTGT')(S:INS17SCRC) C21618T(S:T19I) C21622T(S:T20T) G21624C(S:R21T) (21632,9)(S:DEL25/27) (21651,3)(S:DEL31)	95	164	0.5792682926829268	21572	21676
(24377,1)(S:DEL940)	90	347	0.25936599423631124	24337	24382
(24377,1)(S:DEL940) A24424T(S:Q954H) T24469A(S:N969K) G24474C(S:G971A)	87	93	0.9354838709677419	24373	24476
(21651,3)(S:DEL31) C21711T(S:S50L) (21764,6)(S:DEL69/70)	83	84	0.9880952380952381	21645	21779
G24872T(S:V1104L) C24990T(S:P1143L) C25000T(S:D1146D)	75	77	0.974025974025974	24870	25000
(21608,'TCATGCCGCTGT')(S:INS17SCRC) C21618T(S:T19I) C21622T(S:T20T) G21624C(S:R21T) C21627A(S:T22N) (21632,9)(S:DEL25/27)	47	164	0.2865853658536585	21545	21668
C25000T(S:D1146D)	33	555	0.05945945945945946	24997	25049
C21618T(S:T19I) C21622T(S:T20T) G21624C(S:R21T) (21632,9)(S:DEL25/27) (21651,3)(S:DEL31) C21711T(S:S50L)	23	25	0.92	21611	21727
G21770A(S:V70I)	18	493	0.036511156186612576	21769	21867
C23854A(S:N764K)	16	16	1.0	23784	23854
C21618T(S:T19I) C21622T(S:T20T) G21624C(S:R21T) (21632,9)(S:DEL25/27) (21651,3)(S:DEL31)	14	193	0.07253886010362694	21611	21690
G24872T(S:V1104L) C24990T(S:P1143L)	11	88	0.125	24869	24990
(24377,1)(S:DEL940) A24424T(S:Q954H) T24469A(S:N969K)	10	104	0.09615384615384616	24342	24469
T23599G(S:N679K) C23604G(S:P681R)	10	10	1.0	23593	23693
