Covariants	Count	Max_count	Freq	Coverage_start	Coverage_end
C23854A(S:N764K)	443	459	0.9651416122004357	23813	23854
(22062,1)(S:DEL168) G22111T(S:Q183H)	229	491	0.4663951120162933	22054	22133
(21608,'TCATGCCGCTGT')(S:INS17SCRC) C21618T(S:T19I) C21622T(S:T20T) G21624C(S:R21T) (21632,9)(S:DEL25/27) (21651,3)(S:DEL31)	229	238	0.9621848739495799	21565	21674
G21941T(S:V127F) G21987A(S:G142D) (21990,3)(S:DEL144) T22032C(S:F157S) C22033A(S:F157S) A22034G(S:R158G)	207	394	0.5253807106598984	21937	22043
T23599G(S:N679K) C23604G(S:P681R)	195	215	0.9069767441860465	23597	23679
G22111T(S:Q183H) (22193,3)(S:DEL212) T22200G(S:V213G) C22208T(S:L216F)	163	185	0.8810810810810811	22107	22212
G21941T(S:V127F) G21987A(S:G142D) (21990,3)(S:DEL144)	155	564	0.274822695035461	21929	21995
G21941T(S:V127F) G21987A(S:G142D) (21990,3)(S:DEL144) T22032C(S:F157S) C22033A(S:F157S) A22034G(S:R158G) (22062,1)(S:DEL168)	116	186	0.6236559139784946	21939	22070
(22030,1)(S:DEL157) (22034,'G')(S:INS159) (22062,1)(S:DEL168) G22111T(S:Q183H)	89	157	0.5668789808917197	22021	22116
G21987A(S:G142D) (21990,3)(S:DEL144) T22032C(S:F157S) C22033A(S:F157S) A22034G(S:R158G) (22062,1)(S:DEL168)	63	285	0.22105263157894736	21979	22070
G22111T(S:Q183H)	47	715	0.06573426573426573	22105	22155
(22062,1)(S:DEL168) G22111T(S:Q183H) A22194T	43	60	0.7166666666666667	22053	22194
G24872C(S:V1104L)	35	45	0.7777777777777778	24859	24890
C25000T(S:D1146D) C25046T(S:P1162S)	32	32	1.0	24996	25049
G21987A(S:G142D) (21990,3)(S:DEL144) T22032C(S:F157S) C22033A(S:F157S) A22034G(S:R158G) (22062,1)(S:DEL168) G22111T(S:Q183H)	30	49	0.6122448979591837	21980	22111
(22193,3)(S:DEL212) T22200G(S:V213G) C22208T(S:L216F)	19	205	0.09268292682926829	22150	22212
G21987A(S:G142D) (21990,3)(S:DEL144) (22030,1)(S:DEL157) (22034,'G')(S:INS159) (22062,1)(S:DEL168) G22111T(S:Q183H)	13	49	0.2653061224489796	21980	22111
G21941T(S:V127F) G21987A(S:G142D) (21990,3)(S:DEL144) T22032C(S:F157S) C22033A(S:F157S) A22034G(S:R158G) T22066G(S:F168L)	12	178	0.06741573033707865	21912	22066
(22034,'G')(S:INS159) (22062,1)(S:DEL168) G22111T(S:Q183H)	10	211	0.04739336492890995	22031	22181
