Covariants	Count	Max_count	Freq	Coverage_start	Coverage_end
C25207T(S:Y1215Y)	5434	5593	0.9715716073663508	25206	25207
G23948T(S:D796Y)	859	895	0.9597765363128492	23947	23950
T24469A(S:N969K)	842	868	0.9700460829493087	24437	24517
C21711T(S:S50L) (21764,6)(S:DEL69/70)	434	481	0.9022869022869023	21710	21779
A23403G(S:D614G) C23423T(S:P621S)	358	454	0.788546255506608	23390	23423
(21764,6)(S:DEL69/70)	221	700	0.3157142857142857	21755	21794
C21711T(S:S50L)	212	789	0.26869455006337134	21669	21727
(21608,'TCATGCCGCTGT')(S:INS17SCRC) C21618T(S:T19I) C21622T(S:T20T) G21624C(S:R21T) (21632,9)(S:DEL25/27)	110	157	0.7006369426751592	21569	21663
C23525T(S:H655Y)	101	366	0.27595628415300544	23497	23525
C23271T(S:A570V)	97	189	0.5132275132275133	23269	23342
A23403G(S:D614G) C23423T(S:P621S) C23525T(S:H655Y)	81	88	0.9204545454545454	23402	23525
C23423T(S:P621S) C23525T(S:H655Y)	71	169	0.42011834319526625	23421	23530
C23525T(S:H655Y) T23599G(S:N679K) C23604G(S:P681R)	65	67	0.9701492537313433	23521	23605
C23271T(S:A570V) A23403G(S:D614G)	60	64	0.9375	23270	23403
(21651,3)(S:DEL31) C21711T(S:S50L)	52	468	0.1111111111111111	21641	21727
C23525T(S:H655Y) T23599G(S:N679K)	41	108	0.37962962962962965	23507	23600
A23403G(S:D614G)	34	547	0.062157221206581355	23362	23403
C21618T(S:T19I) C21622T(S:T20T) G21624C(S:R21T) (21632,9)(S:DEL25/27) C21711T(S:S50L)	34	41	0.8292682926829268	21611	21727
(21608,'TCATGCCGCTGT')(S:INS17SCRC) C21618T(S:T19I) C21622T(S:T20T) G21624C(S:R21T) (21632,9)(S:DEL25/27) (21651,3)(S:DEL31)	34	157	0.21656050955414013	21562	21674
G23222A(S:E554K) C23271T(S:A570V) C23277T(S:T572I)	26	27	0.9629629629629629	23210	23280
G21770A(S:V70I)	25	834	0.02997601918465228	21769	21895
(21651,3)(S:DEL31) C21711T(S:S50L) (21764,6)(S:DEL69/70)	22	171	0.1286549707602339	21645	21780
C21618T(S:T19I) C21622T(S:T20T) G21624C(S:R21T) (21632,9)(S:DEL25/27)	17	212	0.08018867924528301	21611	21676
