Covariants	Count	Max_count	Freq	Coverage_start	Coverage_end
C25207T(S:Y1215Y)	4443	4665	0.952411575562701	25206	25207
C24223T(S:T887T)	1231	1443	0.853083853083853	24221	24276
A24424T(S:Q954H) T24469A(S:N969K) A24493T(S:L977F)	856	1378	0.6211901306240929	24422	24496
C24378T(S:S939F) A24424T(S:Q954H)	828	1589	0.5210824417872876	24373	24424
G23948T(S:D796Y)	773	820	0.9426829268292682	23946	23950
C24378T(S:S939F)	500	2114	0.23651844843897823	24336	24378
C24378T(S:S939F) A24424T(S:Q954H) T24469A(S:N969K) A24493T(S:L977F)	457	529	0.8638941398865785	24377	24493
(21608,'TCATGCCGCTGT')(S:INS17SCRC) C21618T(S:T19I) C21622T(S:T20T) G21624C(S:R21T) (21632,9)(S:DEL25/27)	214	240	0.8916666666666667	21562	21662
C24378T(S:S939F) A24424T(S:Q954H) T24469A(S:N969K)	162	702	0.23076923076923078	24375	24469
A23200G(S:L546L) G23222A(S:E554K) C23271T(S:A570V)	107	156	0.6858974358974359	23194	23285
T24469A(S:N969K) A24493T(S:L977F)	58	1434	0.040446304044630406	24451	24517
(23135,1)(S:DEL526) A23200G(S:L546L) G23222A(S:E554K)	58	112	0.5178571428571429	23131	23223
(23135,1)(S:DEL526) A23200G(S:L546L)	46	178	0.25842696629213485	23113	23203
C23039G(S:Q493E) A23055G(S:Q498R) A23063T(S:N501Y) (23069,1)(S:DEL504) G23072C(S:G504R) T23075C(S:Y505H) (23135,1)(S:DEL526)	45	52	0.8653846153846154	23038	23139
C23039G(S:Q493E) A23055G(S:Q498R) A23063T(S:N501Y) (23069,1)(S:DEL504) G23072C(S:G504R) T23075C(S:Y505H)	33	116	0.28448275862068967	23032	23115
G23136T(S:C525F) A23200G(S:L546L) G23222A(S:E554K) C23271T(S:A570V)	30	45	0.6666666666666666	23135	23285
G22992A(S:S477N) C22995A(S:T478K) T23005A(S:N481K) (23007,3)(S:DEL483) G23012A(S:E484K) T23018C(S:F486P) T23019C(S:F486P) C23039G(S:Q493E) A23055G(S:Q498R) A23063T(S:N501Y) (23069,1)(S:DEL504) G23072C(S:G504R) T23075C(S:Y505H)	26	31	0.8387096774193549	22979	23088
A23055G(S:Q498R) A23063T(S:N501Y) (23069,1)(S:DEL504) G23072C(S:G504R) T23075C(S:Y505H) (23135,1)(S:DEL526) A23200G(S:L546L)	14	16	0.875	23050	23201
(23135,1)(S:DEL526) A23200G(S:L546L) G23222A(S:E554K) C23271T(S:A570V)	12	45	0.26666666666666666	23134	23271
G25250T(S:V1230L)	11	4147	0.002652519893899204	25247	25360
