Covariants	Count	Max_count	Freq	Coverage_start	Coverage_end
(21608,'TCATGCCGCTGT')(S:INS17SCRC) C21618T(S:T19I) C21622T(S:T20T) G21624C(S:R21T) (21632,9)(S:DEL25/27) (21651,3)(S:DEL31)	583	613	0.9510603588907015	21572	21674
C21618T(S:T19I) C21622T(S:T20T) G21624C(S:R21T) (21632,9)(S:DEL25/27) (21651,3)(S:DEL31)	46	647	0.07109737248840804	21611	21670
