Covariants	Count	Max_count	Freq	Coverage_start	Coverage_end
(25140,'A')(S:INS1194) C25207T(S:Y1215Y)	1231	1313	0.9375476009139375	25138	25207
G23948T(S:D796Y)	1226	1262	0.971473851030111	23947	23949
C25207T(S:Y1215Y)	956	2273	0.42058952925648924	25206	25210
A23403G(S:D614G) C23423T(S:P621S)	597	758	0.787598944591029	23401	23423
T24469A(S:N969K)	465	479	0.9707724425887265	24436	24513
C24990T(S:P1143L) C25000T(S:D1146D)	360	373	0.9651474530831099	24987	25000
(25140,'A')(S:INS1194)	188	1499	0.12541694462975317	25126	25166
C23271T(S:A570V)	181	279	0.6487455197132617	23269	23347
C23525T(S:H655Y)	162	589	0.27504244482173174	23505	23530
A23403G(S:D614G) C23423T(S:P621S) C23525T(S:H655Y)	135	142	0.9507042253521126	23402	23525
C23525T(S:H655Y) T23599G(S:N679K) C23604G(S:P681R)	108	115	0.9391304347826087	23521	23605
C23423T(S:P621S) C23525T(S:H655Y)	108	259	0.416988416988417	23420	23525
C23271T(S:A570V) A23403G(S:D614G)	83	91	0.9120879120879121	23270	23403
C23525T(S:H655Y) T23599G(S:N679K)	57	172	0.3313953488372093	23516	23599
A23403G(S:D614G)	43	883	0.04869762174405436	23355	23403
C25000T(S:D1146D)	30	398	0.07537688442211055	24997	25001
T25140A(S:L1193*) C25207T(S:Y1215Y)	27	1313	0.020563594821020565	25139	25288
C24990T(S:P1143L)	10	381	0.026246719160104987	24866	24992
