Covariants	Count	Max_count	Freq	Coverage_start	Coverage_end
C23854A(S:N764K)	8324	8473	0.98241472913962	23830	23854
T23599G(S:N679K) C23604G(S:P681R)	3234	3411	0.9481090589270009	23598	23673
C22295A(S:H245N) C22353A(S:A264D)	1845	2437	0.7570783750512926	22294	22353
G23948T(S:D796Y)	1699	1751	0.9703026841804683	23947	23949
(22193,3)(S:DEL212) T22200G(S:V213G) C22208T(S:L216F) C22295A(S:H245N)	1255	1292	0.9713622291021672	22193	22297
C22353A(S:A264D)	665	3385	0.1964549483013294	22352	22360
C22295A(S:H245N) C22353A(S:A264D) (22392,1)(S:DEL278) A22395T(S:K278I) G22403C(S:E281L) A22404T(S:E281L)	384	1434	0.26778242677824265	22294	22412
C25207T(S:Y1215Y)	313	320	0.978125	25204	25209
C22208T(S:L216F) C22295A(S:H245N)	305	1779	0.17144463181562675	22205	22297
(22392,1)(S:DEL278) A22395T(S:K278I) G22403C(S:E281L) A22404T(S:E281L)	282	3524	0.08002270147559591	22390	22447
(21651,3)(S:DEL31) C21711T(S:S50L)	281	445	0.6314606741573033	21645	21727
C21711T(S:S50L) (21764,6)(S:DEL69/70)	278	420	0.6619047619047619	21710	21780
C22353A(S:A264D) (22392,1)(S:DEL278) A22395T(S:K278I) G22403C(S:E281L) A22404T(S:E281L)	260	2379	0.1092896174863388	22352	22417
(21764,6)(S:DEL69/70)	207	633	0.32701421800947866	21754	21794
(21651,3)(S:DEL31) C21711T(S:S50L) (21764,6)(S:DEL69/70)	129	135	0.9555555555555556	21646	21779
C22208T(S:L216F) C22295A(S:H245N) C22353A(S:A264D)	109	130	0.8384615384615385	22206	22353
T23599G(S:N679K) C23604G(S:P681R) C23657A(S:L699I)	87	3411	0.025505716798592787	23593	23676
C22295A(S:H245N)	80	4155	0.019253910950661854	22278	22297
(22193,3)(S:DEL212) T22200G(S:V213G) C22208T(S:L216F)	53	1339	0.039581777445855115	22193	22273
C23604G(S:P681R)	46	3458	0.013302486986697512	23603	23683
T22200G(S:V213G) C22208T(S:L216F) C22295A(S:H245N)	36	1608	0.022388059701492536	22199	22302
C23785A(S:Y741*)	30	13005	0.002306805074971165	23704	23788
C23657A(S:L699I)	30	9494	0.0031598904571308196	23650	23707
C21618T(S:T19I) C21622T(S:T20T) G21624C(S:R21T) (21632,9)(S:DEL25/27) (21651,3)(S:DEL31) C21711T(S:S50L)	23	23	1.0	21611	21727
C23744A(S:P728T)	20	11892	0.0016818028927009755	23691	23745
C22208T(S:L216F)	11	1835	0.005994550408719346	22205	22281
