Covariants	Count	Max_count	Freq	Coverage_start	Coverage_end
T24469A(S:N969K)	414	429	0.965034965034965	24437	24514
C22353A(S:A264D)	18	30	0.6	22351	22399
C22295A(S:H245N) C22353A(S:A264D)	11	13	0.8461538461538461	22293	22362
