Covariants	Count	Max_count	Freq	Coverage_start	Coverage_end
A23403G(S:D614G) C23423T(S:P621S)	1002	1299	0.7713625866050808	23402	23423
C23525T(S:H655Y)	269	1010	0.26633663366336635	23507	23525
C23271T(S:A570V)	255	415	0.6144578313253012	23269	23342
A23403G(S:D614G) C23423T(S:P621S) C23525T(S:H655Y)	240	262	0.916030534351145	23402	23525
C23423T(S:P621S) C23525T(S:H655Y)	196	475	0.4126315789473684	23421	23525
C23525T(S:H655Y) T23599G(S:N679K) C23604G(S:P681R)	146	154	0.948051948051948	23521	23605
C23271T(S:A570V) A23403G(S:D614G)	138	156	0.8846153846153846	23270	23403
C23525T(S:H655Y) T23599G(S:N679K)	127	281	0.45195729537366547	23518	23599
A23403G(S:D614G)	79	1510	0.05231788079470199	23392	23403
C23423T(S:P621S)	26	1524	0.01706036745406824	23421	23486
