Covariants	Count	Max_count	Freq	Coverage_start	Coverage_end
C25207T(S:Y1215Y)	10906	11192	0.974446032880629	25206	25207
G23948T(S:D796Y)	4104	4230	0.9702127659574468	23947	23950
T24469A(S:N969K)	1814	1875	0.9674666666666667	24441	24513
C25120A(S:L1186L) C25207T(S:Y1215Y)	19	5761	0.0032980385349765666	25106	25211
G25250T(S:V1230L)	14	10236	0.0013677217663149667	25247	25308
C25207T(S:Y1215Y) G25250T(S:V1230L)	13	7202	0.0018050541516245488	25199	25262
G24087T(S:G842V)	12	4534	0.002646669607410675	24073	24140
