Covariants	Count	Max_count	Freq	Coverage_start	Coverage_end
T22054A(S:N164K) C22077T(S:S172F) A22122C(S:K187T)	2057	4921	0.41800447063604956	22053	22127
(21958,1)(S:DEL133) (21967,36)(S:DEL136/147) T22032C(S:F157S) T22054A(S:N164K) C22077T(S:S172F)	1956	2016	0.9702380952380952	21937	22078
T22032C(S:F157S) T22054A(S:N164K) C22077T(S:S172F) A22122C(S:K187T)	1884	1974	0.9544072948328267	22031	22122
(21958,1)(S:DEL133) (21967,36)(S:DEL136/147) T22032C(S:F157S) T22054A(S:N164K)	1588	3637	0.43662359087159747	21932	22054
A22122C(S:K187T) (22193,3)(S:DEL212) (22203,'TGCTTCAGACAC')(S:INS215CFRH)	1044	1155	0.9038961038961039	22120	22219
T22032C(S:F157S) T22054A(S:N164K) C22077T(S:S172F)	1004	4964	0.20225624496373892	22029	22083
C22077T(S:S172F) A22122C(S:K187T)	958	5985	0.16006683375104427	22076	22141
T22054A(S:N164K) C22077T(S:S172F) A22122C(S:K187T) (22193,3)(S:DEL212)	479	520	0.9211538461538461	22053	22201
(21958,1)(S:DEL133) (21967,36)(S:DEL136/147) T22032C(S:F157S)	379	4011	0.09449015208177512	21937	22034
A22122C(S:K187T)	307	7444	0.04124126813541107	22113	22158
T22054A(S:N164K) C22077T(S:S172F) A22122C(S:K187T) A22194T	305	830	0.3674698795180723	22053	22194
(22193,3)(S:DEL212) (22203,'TGCTTCAGACAC')(S:INS215CFRH)	107	1265	0.08458498023715415	22151	22219
A22122C(S:K187T) (22193,3)(S:DEL212)	65	1699	0.03825779870512066	22120	22201
T22054A(S:N164K) C22077T(S:S172F)	38	7927	0.00479374290399899	22047	22094
C22077T(S:S172F) A22122C(S:K187T) (22193,3)(S:DEL212)	33	579	0.05699481865284974	22074	22201
A22122C(S:K187T) A22194T	31	2061	0.015041242115477924	22114	22194
T22054A C22077T(S:S172F) A22122C(S:K187T) (22193,3)(S:DEL212) A22206C(S:D215A)	29	29	1.0	22053	22206
C22077T(S:S172F) A22122C(S:K187T) A22194T	19	910	0.020879120879120878	22074	22194
(21958,1)(S:DEL133) (21967,36)(S:DEL136/147)	19	4030	0.004714640198511167	21931	22003
