Covariants	Count	Max_count	Freq	Coverage_start	Coverage_end
G23222A(S:E554K) C23271T(S:A570V)	2922	3025	0.9659504132231405	23221	23271
G23222A(S:E554K)	1726	4790	0.3603340292275574	23216	23222
A23403G(S:D614G) C23423T(S:P621S)	1539	1585	0.9709779179810726	23367	23423
C22295A(S:H245N) C22353A(S:A264D)	1210	1286	0.9409020217729394	22294	22357
C23271T(S:A570V)	623	4216	0.14777039848197343	23270	23284
(22193,3)(S:DEL212) T22200G(S:V213G) C22208T(S:L216F) C22295A(S:H245N)	571	578	0.9878892733564014	22193	22297
C23271T(S:A570V) A23403G(S:D614G)	526	561	0.9376114081996435	23270	23403
C22353A(S:A264D)	469	1751	0.26784694460308395	22352	22371
A23403G(S:D614G)	209	2321	0.09004739336492891	23351	23403
C22208T(S:L216F) C22295A(S:H245N)	135	769	0.1755526657997399	22205	22297
C22295A(S:H245N)	38	2056	0.01848249027237354	22266	22297
G23222A(S:E554K) G23262T(S:R567I) C23271T(S:A570V)	32	3025	0.010578512396694216	23218	23275
C22208T(S:L216F) C22295A(S:H245N) C22353A(S:A264D)	32	37	0.8648648648648649	22206	22353
(22193,3)(S:DEL212) T22200G(S:V213G) C22208T(S:L216F)	30	608	0.049342105263157895	22193	22273
T22200G(S:V213G) C22208T(S:L216F) C22295A(S:H245N)	18	721	0.024965325936199722	22199	22297
C23423T(S:P621S)	10	1585	0.006309148264984227	23342	23430
