REGION	POS	REF	ALT	REF_DP	REF_RV	REF_QUAL	ALT_DP	ALT_RV	ALT_QUAL	ALT_FREQ	TOTAL_DP	PVAL	PASS	GFF_FEATURE	REF_CODON	REF_AA	ALT_CODON	ALT_AA	POS_AA
NC_045512.2	2832	A	G	0	0	0	2	1	34	1	2	0.333333	FALSE	NA	NA	NA	NA	NA	NA
NC_045512.2	21290	A	C	18	11	34	1	1	34	0.0526316	19	0.513514	FALSE	NA	NA	NA	NA	NA	NA
NC_045512.2	21762	C	T	0	0	0	9	5	33	1	9	4.11353e-05	TRUE	NA	NA	NA	NA	NA	NA
NC_045512.2	21764	A	-TACATG	8	4	34	8	0	20	1	8	0.0262485	FALSE	NA	NA	NA	NA	NA	NA
NC_045512.2	21846	C	T	0	0	0	8	4	34	1	8	0.0001554	TRUE	NA	NA	NA	NA	NA	NA
NC_045512.2	21986	G	-GTGTTTATT	12	5	33	12	0	20	1	12	0.00324064	TRUE	NA	NA	NA	NA	NA	NA
NC_045512.2	22193	A	-ATT	9	7	34	5	0	20	0.555556	9	0.0760234	FALSE	NA	NA	NA	NA	NA	NA
NC_045512.2	22194	A	T	0	0	0	2	2	34	1	2	0.0357143	FALSE	NA	NA	NA	NA	NA	NA
NC_045512.2	22204	T	+GAGCCAGAA	4	3	34	3	0	20	0.75	4	0.291667	FALSE	NA	NA	NA	NA	NA	NA
