REGION	POS	REF	ALT	REF_DP	REF_RV	REF_QUAL	ALT_DP	ALT_RV	ALT_QUAL	ALT_FREQ	TOTAL_DP	PVAL	PASS	GFF_FEATURE	REF_CODON	REF_AA	ALT_CODON	ALT_AA	POS_AA
NC_045512.2	670	T	G	0	0	0	1	0	34	1	1	1	FALSE	NA	NA	NA	NA	NA	NA
NC_045512.2	6031	C	T	0	0	0	1	0	68	1	1	1	FALSE	NA	NA	NA	NA	NA	NA
NC_045512.2	11122	T	A	0	0	0	1	0	34	1	1	1	FALSE	NA	NA	NA	NA	NA	NA
NC_045512.2	12789	C	T	0	0	0	2	1	34	1	2	0.333333	FALSE	NA	NA	NA	NA	NA	NA
NC_045512.2	16342	T	C	0	0	0	1	0	34	1	1	1	FALSE	NA	NA	NA	NA	NA	NA
NC_045512.2	19896	T	C	2	1	34	2	1	34	0.5	4	0.285714	FALSE	NA	NA	NA	NA	NA	NA
NC_045512.2	19955	C	T	0	0	0	4	2	34	1	4	0.0285714	FALSE	NA	NA	NA	NA	NA	NA
NC_045512.2	25000	C	T	0	0	0	1	1	34	1	1	1	FALSE	NA	NA	NA	NA	NA	NA
NC_045512.2	27259	A	C	0	0	0	2	1	34	1	2	0.333333	FALSE	NA	NA	NA	NA	NA	NA
NC_045512.2	27302	A	C	1	1	34	1	0	26	0.5	2	0.666667	FALSE	NA	NA	NA	NA	NA	NA
NC_045512.2	27915	G	T	0	0	0	1	0	34	1	1	1	FALSE	NA	NA	NA	NA	NA	NA
NC_045512.2	29711	G	A	0	0	0	3	2	34	1	3	0.1	FALSE	NA	NA	NA	NA	NA	NA
NC_045512.2	29733	C	-GAGGCCACGCGGAGTACGATCGAGTG	3	2	34	3	0	20	1	3	0.357143	FALSE	NA	NA	NA	NA	NA	NA
