REGION	POS	REF	ALT	REF_DP	REF_RV	REF_QUAL	ALT_DP	ALT_RV	ALT_QUAL	ALT_FREQ	TOTAL_DP	PVAL	PASS	GFF_FEATURE	REF_CODON	REF_AA	ALT_CODON	ALT_AA	POS_AA
NC_045512.2	6940	A	C	37	21	33	1	1	34	0.0263158	38	0.506667	FALSE	NA	NA	NA	NA	NA	NA
NC_045512.2	7016	G	A	19	13	33	2	2	34	0.0952381	21	0.256098	FALSE	NA	NA	NA	NA	NA	NA
NC_045512.2	7893	T	C	30	14	32	1	0	34	0.0322581	31	0.508197	FALSE	NA	NA	NA	NA	NA	NA
NC_045512.2	7917	A	C	37	22	33	1	1	34	0.0263158	38	0.506667	FALSE	NA	NA	NA	NA	NA	NA
NC_045512.2	8257	A	T	23	15	34	1	1	26	0.0416667	24	0.510638	FALSE	NA	NA	NA	NA	NA	NA
NC_045512.2	8354	C	G	21	13	33	3	0	28	0.125	24	0.124823	FALSE	NA	NA	NA	NA	NA	NA
NC_045512.2	8415	A	G	31	14	33	2	1	34	0.0606061	33	0.253846	FALSE	NA	NA	NA	NA	NA	NA
NC_045512.2	8462	G	A	42	13	32	2	1	34	0.0454545	44	0.252874	FALSE	NA	NA	NA	NA	NA	NA
NC_045512.2	8603	T	C	48	35	33	1	1	26	0.0204082	49	0.505155	FALSE	NA	NA	NA	NA	NA	NA
